model,tunekey,tunevalue,accuracy
RDT,numTree,15.0,0.01851851851851849
RDT,numTree,25.0,0.01851851851851849
GBT,sitepsize,0.01,0.03703703703703709
GBT,sitepsize,0.1,0.03703703703703709
SVM,regulization,0.1,0.02777777777777779
SVM,regulization,1.0,0.02777777777777779
